,City,NickName,Province,Sex,Signature
0,,瞻彼淇奥,,1,亦余心之所善兮，虽九死其犹未悔
1,安阳,杨子蘅,河南,1,
2,,行,,1,爱
3,洛阳,珍惜拥有,河南,2,
4,郑州,杰,河南,1,New life
5,郑州,一抹微笑(^_^),河南,2,
6,清远,Win,广东,1,赢则举杯同庆，败就击掌再来。
7,平顶山,空心,河南,1,我本轻狂。
8,,Allk,,0,
9,广州,mysunshine,广东,1,无聊? ??
10,洛阳,路姣姣,河南,2,今日甜蜜的忧伤，是明日的激励！
11,,刘晓原,,0,
12,,QINGYI_,,2,姑娘我天生傲骨怎可轻言放弃！
13,洛阳,东东东,河南,2,风居住的街道
14,,Grace,,0,
15,,Echo.方颖异,North Shore,2,越是悲怆时方颖异越想嬉皮。
16,郑州,晨曦潇晨,河南,1,收拾一下心情，扔掉旧的，才能有地方放新的！ ?
17,商丘,ZH,河南,1,风雨过后现彩虹
18,商丘,命运,河南,1,命运的克星
19,信阳,独家记忆,河南,1,学会接受不完美的自己，不忘成为更好的自己！
20,焦作,ZY.,河南,1,
21,安阳,lal,河南,2,
22,,彼端,,1,
23,安阳,W&amp;GTree,河南,1,青色烟雨，孤影等你归来！
24,,沐,Eastern,1,你所认为的巧合不过是别人用心的结果！
25,,=_=,,1,
26,洛阳,Never liked,河南,1,风一样的男子
27,,p_xslbccdks,,2,
28,洛阳,专业广告   青青,河南,2,女人要有自己的资本，
29,郑州,上帝亲过我的腿,河南,1,我想摸你的头发，只是简单的试探啊！
30,,阿高高?(上学接单中),,2,"低价资源<span class=""emoji emoji1f388""></span>  影视小说花呗套现『咨询代理先翻烂朋友圈』"
31,,孤独跟随,,1,我们不一样，每个人都有不同的境遇
32,,康康,,1,
33,洛阳,陈金光,河南,1,
34,,?,,2,碎了一地的留言，拼凑不回的昨天，
35,洛阳,刚铎,河南,1,在别人眼里我可以像个演员可是在我在意的人面前我不愿
36,沈阳,Asher? 小贤,辽宁,2,世界上那么多座小镇，小镇里那么多家酒馆。她却偏偏走进了我的。
37,,秋桂食品专营店,,0,
38,,萌萌哒,,0,上班时间早9点到晚7点的，下班时间不回复的哈，请见谅
39,,LIGHT,,1,我是一只鸟，自由的飞翔
40,洛阳,弓长,河南,2,生而为人，请务必善良。
41,徐州,江城子,江苏,1,
42,成都,Albee,四川,2,
43,,LittleCoder机器人,,0,详细的功能可以见github仓库wiki页。
44,洛阳,同学，你的节操掉了,河南,2,爱谁谁
45,,T无名指的等待T,上海,1,与你来一场说走就走的旅行。
46,郑州,繁华、落幕a,河南,1,诚实和勤勉，应该成为你永久的伴侣。
47,信阳,朝阳,河南,1,还有好多....
48,驻马店,H宁,河南,1,念念不忘，必有回响。
49,新乡,常           亚冲?,河南,1,
50,洛阳,伊伊,河南,2,我为你可以倾尽所有，把我所有的温柔给你
51,郑州,五福临门庭,河南,2,丰安
52,洛阳,西柚妮,河南,2,关你屁事。
53,驻马店,毅飞冲天,河南,1,我思，故我在
54,,轻鲦,重庆,1,心底无私天地宽。。。！
55,威海,M,山东,1,
56,,nz,,2,静心，平心，有心
57,,平凡之路,,0,
58,安阳,贾斯汀・安迪,河南,1,凡是过去   皆为序章
59,洛阳,北笙,河南,1,优秀不够，你是否卓越！
